Residue,Atom,Charge
ALA, N  ,-0.345
ALA, HN , 0.163
ALA, CA , 0.172
ALA, C  , 0.240
ALA, O  ,-0.271
ALA, CB , 0.042
ALA, OXT,-0.643
ARG, N  ,-0.344
ARG, HN , 0.163
ARG, CA , 0.175
ARG, C  , 0.240
ARG, O  ,-0.271
ARG, CB , 0.036
ARG, CG , 0.023
ARG, CD , 0.138
ARG, NE ,-0.227
ARG, HE , 0.177
ARG, CZ , 0.664
ARG, NH1,-0.235
ARG,1HH1, 0.174
ARG,2HH1, 0.174
ARG, NH2,-0.235
ARG, H  , 0.163
ARG,1HH2, 0.174
ARG,2HH2, 0.174
ARG, OXT,-0.632
ASN, N  ,-0.344
ASN, HN , 0.163
ASN, CA , 0.185
ASN, C  , 0.241
ASN, O  ,-0.271
ASN, CB , 0.136
ASN, CG , 0.217
ASN, OD1,-0.274
ASN, ND2,-0.370
ASN,1HD2, 0.159
ASN,2HD2, 0.159
ASN, OXT,-0.639
ASP, N  ,-0.343
ASP, HN , 0.163
ASP, CA , 0.186
ASP, C  , 0.241
ASP, O  ,-0.271
ASP, CB , 0.146
ASP, CG , 0.175
ASP, OD1,-0.648
ASP, OD2,-0.648
ASP, OXT,-0.638
CYS, N  ,-0.342
CYS, HN , 0.163
CYS, CA , 0.185
CYS, C  , 0.241
CYS, O  ,-0.271
CYS, CB , 0.119
CYS, SG ,-0.097
CYS, OXT,-0.646
GLN, N  ,-0.344
GLN, HN , 0.163
GLN, CA , 0.176
GLN, C  , 0.241
GLN, O  ,-0.271
GLN, CB , 0.044
GLN, CG , 0.105
GLN, CD , 0.215
GLN, OE1,-0.274
GLN, NE2,-0.370
GLN, H  , 0.163
GLN,1HE2, 0.159
GLN,2HE2, 0.159
GLN, OXT,-0.646
GLU, N  ,-0.343
GLU, HN , 0.163
GLU, CA , 0.176
GLU, C  , 0.240
GLU, O  ,-0.271
GLU, CB , 0.045
GLU, CG , 0.116
GLU, CD , 0.172
GLU, OE1,-0.648
GLU, OE2,-0.648
GLU, OXT,-0.627
GLY, N  ,-0.349
GLY, HN , 0.163
GLY, CA , 0.225
GLY, C  , 0.236
GLY, O  ,-0.272
GLY, OXT,-0.642
HIS, N  ,-0.344
HIS, HN , 0.163
HIS, CA , 0.182
HIS, C  , 0.241
HIS, O  ,-0.271
HIS, CB , 0.093
HIS, CG , 0.028
HIS, ND1,-0.354
HIS, HD1, 0.166
HIS, CD2, 0.114
HIS, CE1, 0.180
HIS, NE2,-0.360
HIS, HE2, 0.166
HIS, OXT,-0.614
ILE, N  ,-0.344
ILE, HN , 0.163
ILE, CA , 0.180
ILE, C  , 0.241
ILE, O  ,-0.271
ILE, CB , 0.013
ILE, CG1, 0.002
ILE, CG2, 0.012
ILE, CD1, 0.005
ILE, OXT,-0.563
LEU, N  ,-0.345
LEU, HN , 0.163
LEU, CA , 0.177
LEU, C  , 0.241
LEU, O  ,-0.271
LEU, CB , 0.038
LEU, CG ,-0.020
LEU, CD1, 0.009
LEU, CD2, 0.009
LEU, OXT,-0.644
LYS, N  ,-0.343
LYS, HN , 0.163
LYS, CA , 0.175
LYS, C  , 0.240
LYS, O  ,-0.271
LYS, CB , 0.035
LYS, CG , 0.004
LYS, CD , 0.027
LYS, CE , 0.228
LYS, NZ ,-0.079
LYS, HZ1, 0.274
LYS, HZ2, 0.274
LYS, HZ3, 0.274
LYS, OXT,-0.646
MET, N  ,-0.342
MET, HN , 0.163
MET, CA , 0.176
MET, C  , 0.240
MET, O  ,-0.271
MET, CB , 0.045
MET, CG , 0.076
MET, SD ,-0.173
MET, CE , 0.089
MET, OXT,-0.611
PHE, N  ,-0.345
PHE, HN , 0.163
PHE, CA , 0.180
PHE, C  , 0.241
PHE, O  ,-0.271
PHE, CB , 0.073
PHE, CG ,-0.056
PHE, CD1, 0.007
PHE, CD2, 0.007
PHE, CE1, 0.001
PHE, CE2, 0.001
PHE, CZ , 0.000
PHE, OXT,-0.646
PRO, N  ,-0.335
PRO, CA , 0.179
PRO, C  , 0.241
PRO, O  ,-0.271
PRO, CB , 0.037
PRO, CG , 0.022
PRO, CD , 0.127
PRO, OXT,-0.639
SER, N  ,-0.340
SER, HN , 0.163
SER, CA , 0.199
SER, C  , 0.242
SER, O  ,-0.271
SER, CB , 0.198
SER, OG ,-0.398
SER, HG , 0.209
SER, OXT,-0.646
THR, N  ,-0.341
THR, HN , 0.163
THR, CA , 0.205
THR, C  , 0.243
THR, O  ,-0.271
THR, CB , 0.146
THR, OG1,-0.393
THR, HG1, 0.210
THR, CG2, 0.042
THR, OXT,-0.646
TRP, N  ,-0.345
TRP, HN , 0.163
TRP, CA , 0.181
TRP, C  , 0.241
TRP, O  ,-0.271
TRP, CB , 0.075
TRP, CG ,-0.028
TRP, CD1, 0.096
TRP, CD2,-0.002
TRP, NE1,-0.365
TRP, HE1, 0.165
TRP, CE2, 0.042
TRP, CE3, 0.014
TRP, CZ2, 0.030
TRP, CZ3, 0.001
TRP, CH2, 0.002
TRP, OXT,-0.646
TYR, N  ,-0.345
TYR, HN , 0.163
TYR, CA , 0.180
TYR, C  , 0.241
TYR, O  ,-0.271
TYR, CB , 0.073
TYR, CG ,-0.056
TYR, CD1, 0.010
TYR, CD2, 0.010
TYR, CE1, 0.037
TYR, CE2, 0.037
TYR, CZ , 0.065
TYR, OH ,-0.361
TYR, HH , 0.217
PHE, OXT,-0.646
VAL, N  ,-0.344
VAL, HN , 0.163
VAL, CA , 0.180
VAL, C  , 0.241
VAL, O  ,-0.271
VAL, CB , 0.009
VAL, CG1, 0.012
VAL, CG2, 0.012
VAL, OXT,-0.640
UNK, N  ,-0.301
UNK, HN , 0.163
UNK, CA , 0.201
UNK, C  , 0.242
UNK, O  ,-0.277
UNK, CB , 0.044
UNK, OXT,-0.643
