Model,Summary
Ki_CASF-2016_F14_ExtraTreesRegressorCV.zip,None
CDK2_Ki_DecisionTreeRegressorCV,CDK2 with Ki data
Model_03,CDK19 with IC50 data
Ki_F12_R18_ExtraTreesRegressor,Ki data (resolution 1.8 A) with CASF-2016 Ki test set and model with 12 features
Ki_xtal_2_ExtraTreesRegressor,CASF-2016 test set
Model_01,CDK2 with IC50 data
CDK2_Ki_2024_DecisionTreeRegressorCV,CDK2 with Ki data
CDK2_Ki_2024a_DecisionTreeRegressorCV,CDK2 with Ki data
Model_02,Regression model using docked structures of CDK2 with Ki
Ki_CASF-2016_F14_ExtraTreesRegressorCV,Ki (total 1146 structures) with CASF-2016 test set (Ki) (155 structures) using 14 features
