# Walter F. de Azevedo, Jr. May 02, 2023.
AdaBoostRegressor,None,50,1.0,linear,0
AdaBoostRegressorCV,None,50,1.0,linear,0,5
ARDRegression,1000,1e-3,1e-6,1e-6,1e-6,1e-6,False,10000,True,True,False,1123581321
ARDRegressionCV,1000,1e-3,1e-6,1e-6,1e-6,1e-6,False,10000,True,True,False,1123581321,5
BaggingRegressor,KNeighborsRegressor(),10,1.0,1.0,True,False,False,False,-1,1123581321,0
BaggingRegressorCV,KNeighborsRegressor(),10,1.0,1.0,True,False,False,False,-1,1123581321,0,5
BayesianRidge,1000,1e-3,1e-6,1e-6,1e-6,1e-6,None,None,False,True,True,False,1123581321
BayesianRidgeCV,1000,1e-3,1e-6,1e-6,1e-6,1e-6,None,None,False,True,True,False,1123581321,5
DecisionTreeRegressor,absolute_error,random,None,2,1,0.0,None,1123581321,None,0.0,0.0
DecisionTreeRegressorCV,absolute_error,random,None,2,1,0.0,None,1123581321,None,0.0,0.0,5
ElasticNet,1.0,0.5,True,False,10000,True,1e-4,False,False,1123581321,cyclic,1123581321
ElasticNetCV,1.0,0.5,True,False,10000,True,1e-4,False,False,1123581321,cyclic,1123581321,5
ExtraTreeRegressor,absolute_error,random,None,2,1,0.0,1.0,1123581321,0.0,None,0.0
ExtraTreeRegressorCV,absolute_error,random,None,2,1,0.0,1.0,1123581321,0.0,None,0.0,5
ExtraTreesRegressor,142,absolute_error,None,2,1,0.0,1.0,None,0.0,False,False,-1,1123581321,0,False,0.0,None
ExtraTreesRegressorCV,142,absolute_error,None,2,1,0.0,1.0,None,0.0,False,False,-1,1123581321,0,False,0.0,None,5
GaussianProcessRegressor,None,1e-10,fmin_l_bfgs_b,0,False,True,1123581321
GaussianProcessRegressorCV,None,1e-10,fmin_l_bfgs_b,0,False,True,1123581321,5
GradientBoostingRegressor,absolute_error,0.1,100,1.0,friedman_mse,2,1,0.0,3,0.0,None,1123581321,None,0.9,0,None,False,0.1,None,1e-4,0.0
GradientBoostingRegressorCV,absolute_error,0.1,100,1.0,friedman_mse,2,1,0.0,3,0.0,None,1123581321,None,0.9,0,None,False,0.1,None,1e-4,0.0,5
HuberRegressor,1.35,1000,0.0001,False,True,1e-5,1123581321
HuberRegressorCV,1.35,1000,0.0001,False,True,1e-5,1123581321,5
KernelRidge,1.0,linear,None,3,1.0,None
KernelRidgeCV,1.0,linear,None,3,1.0,None,5
KNeighborsRegressor,5,uniform,auto,30,2,minkowski,None,-1
KNeighborsRegressorCV,5,uniform,auto,30,2,minkowski,None,-1,5
Lasso,0.65,True,False,True,10000,1e-5,False,False,1123581321,cyclic
LassoCV,0.65,True,False,True,10000,1e-5,False,False,1123581321,cyclic,5
LinearRegression,True,True,-1,False,1123581321
LinearRegressionCV,True,True,-1,False,1123581321,5
LinearSVR,1e-2,1e-8,1.0,epsilon_insensitive,True,1.0,True,0,1123581321,1000000
LinearSVRCV,1e-2,1e-8,1.0,epsilon_insensitive,True,1.0,True,0,1123581321,1000000,5
MLPRegressor,75,logistic,lbfgs,0.01,auto,adaptive,0.001,0.5,2000,True,1123581321,5e-3,False,False,0.9,True,False,0.1,0.9,0.999,1e-8,10,15000
MLPRegressorCV,75,logistic,lbfgs,0.01,auto,adaptive,0.001,0.5,2000,True,1123581321,5e-3,False,False,0.9,True,False,0.1,0.9,0.999,1e-8,10,15000,5
NuSVR,0.5,1.0,linear,1,auto,0.0,True,0.001,200.0,False,-1,1123581321
NuSVRCV,0.5,1.0,linear,1,auto,0.0,True,0.001,200.0,False,-1,1123581321,5
PassiveAggressiveRegressor,1.0,True,1000,1e-3,False,0.1,5,True,0,epsilon_insensitive,1e-4,1123581321,True,True
PassiveAggressiveRegressorCV,1.0,True,1000,1e-3,False,0.1,5,True,0,epsilon_insensitive,1e-4,1123581321,True,True,5
RandomForestRegressor,142,squared_error,None,2,1,0.0,1.0,None,0.0,True,False,-1,1123581321,0,False,0.0,None
RandomForestRegressorCV,142,squared_error,None,2,1,0.0,1.0,None,0.0,True,False,-1,1123581321,0,False,0.0,None,5
RANSACRegressor,None,None,None,None,100,np.inf,np.inf,np.inf,0.99,absolute_error,1123581321
RANSACRegressorCV,None,None,None,None,100,np.inf,np.inf,np.inf,0.99,absolute_error,1123581321,5
Ridge,1.0,True,True,None,1e-3,auto,False,None
RidgeCV,1.0,True,True,None,1e-3,auto,False,None,5
SGDRegressor,squared_error,l2,0.001,0.15,True,2000000000,1e-3,True,0,0.1,1123581321,invscaling,0.01,0.25,False,0.1,5,False,False
SGDRegressorCV,squared_error,l2,0.001,0.15,True,2000000000,1e-3,True,0,0.1,1123581321,invscaling,0.01,0.25,False,0.1,5,False,False,5
SVR,linear,1,scale,0.0,1e-3,1.0,0.1,True,200.0,False,-1,1123581321
SVRCV,linear,1,scale,0.0,1e-3,1.0,0.1,True,200.0,False,-1,1123581321,5
TheilSenRegressor,True,True,10000,None,300,1e-3,1123581321,-1,False
TheilSenRegressorCV,True,True,10000,None,300,1e-3,1123581321,-1,False,5
TweedieRegressor,0.0,1.0,True,auto,100,1e-4,False,0,1123581321
TweedieRegressorCV,0.0,1.0,True,auto,100,1e-4,False,0,1123581321,5
VotingRegressor,True,True,-1,142,squared_error,None,2,1,0.0,1.0,None,0.0,True,False,None,1123581321,0,False,0.0,None,None,None,False
VotingRegressorCV,True,True,-1,142,squared_error,None,2,1,0.0,1.0,None,0.0,True,False,None,1123581321,0,False,0.0,None,None,None,False,5
