# Set up preprocessing method from scikit-learn
preprocessing,StandardScaler
# Set up machine-learning parameter file
ml_parameters,ml.csv
# Set up input scoring function file
scoring_function_file,scores.csv
# Set up input parameters
n_features,8
features_in,C,Average Q,Gauss 1,Q,Torsional,Torsions,N,Repulsion
target_in,pKi
test_size_in,0.3
seed_in,271828
# Set up regression methods 
mlr_method,AdaBoostRegressor
mlr_method,AdaBoostRegressorCV
mlr_method,ARDRegression
mlr_method,ARDRegressionCV
mlr_method,BaggingRegressor
mlr_method,BaggingRegressorCV
mlr_method,BayesianRidge
mlr_method,BayesianRidgeCV
mlr_method,DecisionTreeRegressor
mlr_method,DecisionTreeRegressorCV
mlr_method,ElasticNet
mlr_method,ElasticNetCV
mlr_method,ExtraTreeRegressor
mlr_method,ExtraTreeRegressorCV
mlr_method,ExtraTreesRegressor
mlr_method,ExtraTreesRegressorCV
mlr_method,GaussianProcessRegressor
mlr_method,GaussianProcessRegressorCV
mlr_method,GradientBoostingRegressor
mlr_method,GradientBoostingRegressorCV
mlr_method,HuberRegressor
mlr_method,HuberRegressorCV
mlr_method,KernelRidge
mlr_method,KernelRidgeCV
mlr_method,KNeighborsRegressor
mlr_method,KNeighborsRegressorCV
mlr_method,Lasso
mlr_method,LassoCV
mlr_method,LinearRegression
mlr_method,LinearRegressionCV
mlr_method,LinearSVR
mlr_method,LinearSVRCV
mlr_method,MLPRegressor
mlr_method,MLPRegressorCV
mlr_method,NuSVR
mlr_method,NuSVRCV
mlr_method,PassiveAggressiveRegressor
mlr_method,PassiveAggressiveRegressorCV
mlr_method,RandomForestRegressor
mlr_method,RandomForestRegressorCV
mlr_method,RANSACRegressor
mlr_method,RANSACRegressorCV
mlr_method,Ridge
mlr_method,RidgeCV
mlr_method,SGDRegressor
mlr_method,SGDRegressorCV
mlr_method,SVR
mlr_method,SVRCV
mlr_method,TheilSenRegressor
mlr_method,TheilSenRegressorCV
mlr_method,TweedieRegressor
mlr_method,TweedieRegressorCV
mlr_method,VotingRegressor
mlr_method,VotingRegressorCV
