# Walter F. de Azevedo, Jr. February 20, 2023.
#
#preprocessing,MaxAbsScaler #preprocessing,MinMaxScaler #preprocessing,Normalizer #preprocessing,RobustScaler
preprocessing,StandardScaler
# Set up machine-learning parameter file
ml_parameters,ml.csv                            # Parameter file
#
# Set up input scoring function file
scoring_function_file,scores.csv                # File with features and target variable (to run regression methods)
#
# Set up input parameters
n_features,7
#######################################################################################################################
#features_in,v_Desol_3.0_4.0_4.5,Gauss 2,v_VDW_11_3,C,Gauss 1,N,v_HB_8_6
#features_in,v_Desol_3.0_4.0_4.5,Gauss 2,v_VDW_11_3,C,Affinity(kcal/mol),Gauss 1,N
#features_in,Gauss 2,C,Gauss 1,N,Hydrophobic,v_Elec_Tanh_-8.5525_74.2_7.7839_0.002707,O
#features_in,v_Desol_3.0_5.0_3.5,Gauss 2,C,v_VDW_13_2,Affinity(kcal/mol),Gauss 1,N
#features_in,Torsions,N,Repulsion,Hydrogen,O,Ligand Occupation Factor,B-factor ratio (Ligand/Receptor)
#features_in,Affinity(kcal/mol),v_Elec_Log_Tanh_-8.5525_78.4_7.7839_0.001787,v_Desol_4.0_5.0_4.5,Gauss 2,v_VDW_8_4,Gauss 1,v_HB_15_14
features_in,Affinity(kcal/mol),v_Elec_Log_Tanh_-8.5525_78.4_7.7839_0.001787,v_Desol_4.0_5.0_4.5,v_VDW_8_4,v_HB_15_14,C,N
#features_in,v_Elec_Tanh_-8.5525_70.0_7.7839_0.003627,Gauss 1,Gauss 2,Hydrophobic,Q,C,Receptor B-factor(A2)
#features_in,v_Elec_Tanh_-8.5525_70.0_7.7839_0.003627,Gauss 1,Gauss 2,Hydrophobic,C,Receptor B-factor(A2),Repulsion
#features_in,v_Desol_3.0_3.0_4.5,v_Elec_Tanh_-8.5525_72.1_7.7839_0.003167,Affinity(kcal/mol),v_VDW_8_4,Gauss 1,Gauss 2,Hydrophobic
#features_in,v_Desol_3.0_3.0_4.5,v_Elec_Tanh_-8.5525_72.1_7.7839_0.003167,Affinity(kcal/mol),v_VDW_8_4,C,B-factor ratio (Ligand/Receptor),S
#features_in,Gauss 2,Gauss 1,v_Elec_Log_Tanh_-8.5525_72.1_7.7839_0.002247,O,C,Ligand Occupation Factor,Hydrophobic
#features_in,Gauss 2,Q,Gauss 1,B-factor ratio (Ligand/Receptor),O,C,Hydrophobic
#features_in,Gauss 2,Gauss 1,v_Elec_Log_Tanh_-8.5525_72.1_7.7839_0.002247,O,C,Ligand Occupation Factor,Hydrophobic
#features_in,v_Elec_Log_-8.5525_70.0_7.7839_0.002247,v_Desol_3.0_1.0_3.0,S,B-factor ratio (Ligand/Receptor),Ligand Occupation Factor,Hydrogen,Repulsion
#features_in,v_Desol_1.0_5.0_4.5,C,v_VDW_13_2,Gauss 2,Torsional,N,Gauss 1
#features_in,v_Desol_1.0_5.0_4.5,C,v_VDW_13_2,Gauss 2,Torsional,Affinity(kcal/mol),N
#features_in,C,Gauss 2,v_Elec_Tanh_-8.5525_74.2_7.7839_0.002707,N,Gauss 1,Torsional,Hydrophobic
#features_in,v_Desol_1.0_5.0_4.5,C,Gauss 2,v_VDW_13_2,v_Elec_Tanh_-8.5525_74.2_7.7839_0.002707,N,Gauss 1
#features_in,v_Desol_1.0_5.0_4.5,C,Gauss 2,v_VDW_13_2,v_Elec_Tanh_-8.5525_74.2_7.7839_0.002707,N,Affinity(kcal/mol)
#features_in,v_Elec_Log_Tanh_-8.5525_76.30000000000001_7.7839_0.002247,N,Receptor B-factor(A2),Torsional,v_Desol_5.0_2.0_3.5,C,S
#features_in,v_Elec_Log_Tanh_-8.5525_76.30000000000001_7.7839_0.002247,v_VDW_14_2,v_Desol_3.0_5.0_4.5,Receptor B-factor(A2),v_HB_8_6,S,N
#######################################################################################################################
#features_in,C,v_Desol_2.0_2.0_3.5,Gauss 2,Torsional,N,Gauss 1,v_VDW_12_6
#features_in,Torsional,B-factor ratio (Ligand/Receptor),Gauss 1,Gauss 2,Ligand Occupation Factor,Q,Hydrophobic,C
#features_in,Torsional,B-factor ratio (Ligand/Receptor),Gauss 1,Gauss 2,Q,C,N
#features_in,Gauss 2,C,Torsional,Q,N,Gauss 1,Hydrophobic
#features_in,Repulsion,O,Hydrophobic,Hydrogen,S,N,Gauss 1
#features_in,E-Intra(tors-ligandatoms),E-Intra(steric),E-Intra(tors),E-Intra(vdw),HBond,Steric
target_in,pIC50
test_size_in,0.3
seed_in,271828
#
# Set up regression methods
mlr_method,AdaBoostRegressor             # AdaBoost Regression
mlr_method,AdaBoostRegressorCV           # AdaBoost Regression with Cross-Validation
mlr_method,ARDRegression                 # Automatic Relevance Determination Regression
mlr_method,ARDRegressionCV               # Automatic Relevance Determination Regression with Cross-Validation
mlr_method,BaggingRegressor              # Bagging Regression
mlr_method,BaggingRegressorCV            # Bagging Regression with Cross-Validation
mlr_method,BayesianRidge                 # Bayesian Ridge Regression
mlr_method,BayesianRidgeCV               # Bayesian Ridge Regression with Cross-Validation
mlr_method,DecisionTreeRegressor         # Decision Tree Regression
mlr_method,DecisionTreeRegressorCV       # Decision Tree Regression with Cross-Validation
mlr_method,ElasticNet                    # Elastic Net Regression
mlr_method,ElasticNetCV                  # Elastic Net Regression with Cross-Validation
mlr_method,ExtraTreeRegressor            # Extremely Randomized Tree Regression
mlr_method,ExtraTreeRegressorCV          # Extremely Randomized Tree Regression with Cross-Validation
mlr_method,ExtraTreesRegressor           # Extra-Trees Regression
mlr_method,ExtraTreesRegressorCV         # Extra-Trees Regression with Cross-Validation
mlr_method,GaussianProcessRegressor      # Gaussian Process Regression (GPR)
mlr_method,GaussianProcessRegressorCV    # Gaussian Process Regression (GPR) with Cross-Validation
mlr_method,GradientBoostingRegressor     # Gradient Boosting Regression Tree
mlr_method,GradientBoostingRegressorCV   # Gradient Boosting Regression Tree with Cross-Validation
mlr_method,HuberRegressor                # Huber Regression
mlr_method,HuberRegressorCV              # Huber Regression with Cross-Validation
mlr_method,KernelRidge                   # Kernel Ridge Regression (KRR)
mlr_method,KernelRidgeCV                 # Kernel Ridge Regression (KRR) with Cross-Validation
mlr_method,KNeighborsRegressor           # Regression Based on K-Nearest Neighbors
mlr_method,KNeighborsRegressorCV         # Regression Based on K-Nearest Neighbors with Cross-Validation
mlr_method,Lasso                         # Least absolute shrinkage and selection operator (Lasso)
mlr_method,LassoCV                       # Least absolute shrinkage and selection operator (Lasso) with CV
mlr_method,LinearRegression              # Linear Regression
mlr_method,LinearRegressionCV            # Linear Regression with Cross-Validation
mlr_method,LinearSVR                     # Linear Support Vector Regression
mlr_method,LinearSVRCV                   # Linear Support Vector Regression with Cross-Validation
mlr_method,MLPRegressor                  # Multi-layer Perceptron Regression
mlr_method,MLPRegressorCV                # Multi-layer Perceptron Regression with Cross-Validation
mlr_method,NuSVR                         # Nu Support Vector Regression (NuSVR)
mlr_method,NuSVRCV                       # Nu Support Vector Regression (NuSVR) with Cross-Validation
mlr_method,PassiveAggressiveRegressor    # Passive Aggressive Regression
mlr_method,PassiveAggressiveRegressorCV  # Passive Aggressive Regression with Cross-Validation
mlr_method,RandomForestRegressor         # Random Forest Regression
mlr_method,RandomForestRegressorCV       # Random Forest Regression with Cross-Validation
mlr_method,RANSACRegressor               # RANSAC (RANdom SAmple Consensus) Regression
mlr_method,RANSACRegressorCV             # RANSAC (RANdom SAmple Consensus) Regression with Cross-Validation
mlr_method,Ridge                         # Ridge
mlr_method,RidgeCV                       # RidgeCV
mlr_method,SGDRegressor                  # Stochastic Gradient Descent Regression
mlr_method,SGDRegressorCV                # Stochastic Gradient Descent Regression with Cross-Validation
mlr_method,SVR                           # Epsilon-Support Vector Regression
mlr_method,SVRCV                         # Epsilon-Support Vector Regression with Cross-Validation
mlr_method,TheilSenRegressor             # Theil Sen Regression
mlr_method,TheilSenRegressorCV           # Theil Sen Regression with Cross-Validation
mlr_method,TweedieRegressor              # Tweedie Regression
mlr_method,TweedieRegressorCV            # Tweedie Regression with Cross-Validation
mlr_method,VotingRegressor               # Prediction Voting Regression for Unfitted Estimators
mlr_method,VotingRegressorCV             # Prediction Voting Regression for Unfitted Estimators with CV