# Walter F. de Azevedo, Jr. January 14, 2022.
#
#preprocessing,MaxAbsScaler #preprocessing,MinMaxScaler #preprocessing,Normalizer #preprocessing,RobustScaler
preprocessing,StandardScaler
# Set up machine-learning parameter file
ml_parameters,ml.in                                        # Parameter file
#
# Set up input scoring function file
scoring_function_file,scores.csv                # File with features and target variable (to run regression methods)
#
# Set up input parameters
n_features,5
features_in,ElectroLong,LE1,E-Intra(steric),E-Intra(tors-ligandatoms),VdW(LJ12-6)
test_size_in,0.3
seed_in,271828
#
# Set up regression methods
mlr_method,AdaBoostRegressor             # AdaBoost Regression
mlr_method,AdaBoostRegressorCV           # AdaBoost Regression with Cross-Validation
mlr_method,ARDRegression                 # Automatic Relevance Determination Regression
mlr_method,ARDRegressionCV               # Automatic Relevance Determination Regression with Cross-Validation
mlr_method,BaggingRegressor              # Bagging Regression
mlr_method,BaggingRegressorCV            # Bagging Regression with Cross-Validation
mlr_method,BayesianRidge                 # Bayesian Ridge Regression
mlr_method,BayesianRidgeCV               # Bayesian Ridge Regression with Cross-Validation
mlr_method,DecisionTreeRegressor         # Decision Tree Regression
mlr_method,DecisionTreeRegressorCV       # Decision Tree Regression with Cross-Validation
mlr_method,ElasticNet                    # Elastic Net Regression
mlr_method,ElasticNetCV                  # Elastic Net Regression with Cross-Validation
mlr_method,ExtraTreeRegressor            # Extremely Randomized Tree Regression
mlr_method,ExtraTreeRegressorCV          # Extremely Randomized Tree Regression with Cross-Validation
mlr_method,ExtraTreesRegressor           # Extra-Trees Regression
mlr_method,ExtraTreesRegressorCV         # Extra-Trees Regression with Cross-Validation
mlr_method,GaussianProcessRegressor      # Gaussian Process Regression (GPR)
mlr_method,GaussianProcessRegressorCV    # Gaussian Process Regression (GPR) with Cross-Validation
mlr_method,GradientBoostingRegressor     # Gradient Boosting Regression Tree
mlr_method,GradientBoostingRegressorCV   # Gradient Boosting Regression Tree with Cross-Validation
mlr_method,HuberRegressor                # Huber Regression
mlr_method,HuberRegressorCV              # Huber Regression with Cross-Validation
mlr_method,KernelRidge                   # Kernel Ridge Regression (KRR)
mlr_method,KernelRidgeCV                 # Kernel Ridge Regression (KRR) with Cross-Validation
mlr_method,KNeighborsRegressor           # Regression Based on K-Nearest Neighbors
mlr_method,KNeighborsRegressorCV         # Regression Based on K-Nearest Neighbors with Cross-Validation
mlr_method,Lars                          # Least Angle Regression model a.k.a. LAR
mlr_method,LarsCV                        # Least Angle Regression model a.k.a. LAR with Cross-Validation
mlr_method,Lasso                         # Least absolute shrinkage and selection operator (Lasso)
mlr_method,LassoCV                       # Least absolute shrinkage and selection operator (Lasso) with CV
mlr_method,LassoLars                     # LassoLars
mlr_method,LassoLarsCV                   # LassoLars with Cross-Validation
mlr_method,LassoLarsIC                   # Lasso Model Fit with Lars Using BIC or AIC for Model Selection
mlr_method,LassoLarsICCV                 # Lasso Model Fit with Lars Using BIC or AIC for Model Selection with CV
mlr_method,LinearRegression              # Linear Regression
mlr_method,LinearRegressionCV            # Linear Regression with Cross-Validation
mlr_method,LinearSVR                     # Linear Support Vector Regression
mlr_method,LinearSVRCV                   # Linear Support Vector Regression with Cross-Validation
mlr_method,MLPRegressor                  # Multi-layer Perceptron Regression
mlr_method,MLPRegressorCV                # Multi-layer Perceptron Regression with Cross-Validation
mlr_method,NuSVR                         # Nu Support Vector Regression (NuSVR)
mlr_method,NuSVRCV                       # Nu Support Vector Regression (NuSVR) with Cross-Validation
mlr_method,OrthogonalMatchingPursuit     # Orthogonal Matching Pursuit Regression
mlr_method,OrthogonalMatchingPursuitCV   # Orthogonal Matching Pursuit Regression with Cross-Validation
mlr_method,PassiveAggressiveRegressor    # Passive Aggressive Regression
mlr_method,PassiveAggressiveRegressorCV  # Passive Aggressive Regression with Cross-Validation
mlr_method,RandomForestRegressor         # Random Forest Regression
mlr_method,RandomForestRegressorCV       # Random Forest Regression with Cross-Validation
mlr_method,RANSACRegressor               # RANSAC (RANdom SAmple Consensus) Regression
mlr_method,RANSACRegressorCV             # RANSAC (RANdom SAmple Consensus) Regression with Cross-Validation
mlr_method,Ridge                         # Ridge
mlr_method,RidgeCV                       # RidgeCV
mlr_method,SGDRegressor                  # Stochastic Gradient Descent Regression
mlr_method,SGDRegressorCV                # Stochastic Gradient Descent Regression with Cross-Validation
mlr_method,SVR                           # Epsilon-Support Vector Regression
mlr_method,SVRCV                         # Epsilon-Support Vector Regression with Cross-Validation
mlr_method,TheilSenRegressor             # Theil Sen Regression
mlr_method,TheilSenRegressorCV           # Theil Sen Regression with Cross-Validation
mlr_method,TweedieRegressor              # Tweedie Regression
mlr_method,TweedieRegressorCV            # Tweedie Regression with Cross-Validation
mlr_method,VotingRegressor               # Prediction Voting Regression for Unfitted Estimators
mlr_method,VotingRegressorCV             # Prediction Voting Regression for Unfitted Estimators with CV
mlr_method,XGBRegressor                  # XGBoost Regression
mlr_method,XGBRegressorCV                # XGBoost Regression with Cross-Validation