# Parameters to convert from Molegro Virtual Docker to SAnDReS format
features_in,Name
features_in,Csp2
features_in,Csp3
#features_in,E-Inter (cofactor - ligand)
features_in,E-Inter (protein - ligand)
#features_in,E-Inter (water - ligand)
#features_in,E-Intra (clash)
features_in,E-Intra (tors-ligand atoms)
#features_in,E-Intra (elec)
#features_in,E-Intra (hbond)
#features_in,E-Intra (sp2-sp2)
features_in,E-Intra (steric)
features_in,E-Intra (tors)
features_in,E-Intra (vdw)
features_in,E-Total
features_in,Electro
features_in,ElectroLong
features_in,HBond
features_in,LE1
features_in,LE3
features_in,MW
features_in,N
features_in,NoHBond90
features_in,OS
features_in,PlantsScore
features_in,RerankScore
features_in,Steric
features_in,Torsions
features_in,VdW (LJ12-6)
affinity_in,E-Total
bind_in,Ki
chain_in,A
number_in,300
resolution_in,2.0
occupation_in,1.0