# Set up plotting parameters
data_file,scores4xtal_test.csv
plot_file,scores4xtal_test.pdf
marker_in,.
X_col,8
#y_col,24
y_col,43
X_label,pIC50
y_label,ExtraTreeRegressor
X_tick_size,8
y_tick_size,8
rot_X_tick,0
rot_y_tick,0
X_size,12
y_size,12
title_in,
title_size,12
scatter_color,blue
line_color,black
dpi_in,1000
reg_line,On
include_x_lim,On
x_min_in,0.0
x_max_in,12.0
include_y_lim,On
y_min_in,0.0
y_max_in,12.0
include_grid,On
grid_color,gray
grid_linestyle,:
grid_linewidth,0.5
stats_calc,On
stats_calc_features,5
stats_calc_string,Affinity