# Set up plotting parameters
data_file,bind_Kd.csv
plot_file,scatter_plot.pdf
marker_in,s
#X_col,7
#y_col,21
#X_label,Docking RMSD ($\AA$)
#y_label,Crystallography Resolution ($\AA$)
#X_label,log(IC$_{50}$)
#y_label,Binding Energy (kcal/mol)
X_col,7
y_col,10
#X_label,log(IC$_{50}$)
X_label,log(K$_{d}$)
y_label,Number of Torsion Angles
#X_col,20
#y_col,9
#X_label,Docking RMSD ($\AA$)
#y_label,Number of Torsion Angles
#X_col,7
#y_col,5
#X_label,log(IC$_{50}$)
#y_label,Occupation
X_tick_size,8
y_tick_size,8
rot_X_tick,0
rot_y_tick,0
X_size,12
y_size,12
title_in,
title_size,25
scatter_color,blue
line_color,black
dpi_in,1000