# Define parameters for statistical analysis
# Define string header with experimental data
exp_string,pIC50
# Define features
n_features_in,54
features_in,AdaBoostRegressor,AdaBoostRegressorCV,ARDRegression,ARDRegressionCV,BaggingRegressor,BaggingRegressorCV,BayesianRidge,BayesianRidgeCV,DecisionTreeRegressor,DecisionTreeRegressorCV,ElasticNet,ElasticNetCV,ExtraTreeRegressor,ExtraTreeRegressorCV,ExtraTreesRegressor,ExtraTreesRegressorCV,GaussianProcessRegressor,GaussianProcessRegressorCV,GradientBoostingRegressor,GradientBoostingRegressorCV,HuberRegressor,HuberRegressorCV,KernelRidge,KernelRidgeCV,KNeighborsRegressor,KNeighborsRegressorCV,Lasso,LassoCV,LinearRegression,LinearRegressionCV,LinearSVR,LinearSVRCV,MLPRegressor,MLPRegressorCV,NuSVR,NuSVRCV,PassiveAggressiveRegressor,PassiveAggressiveRegressorCV,RandomForestRegressor,RandomForestRegressorCV,RANSACRegressor,RANSACRegressorCV,Ridge,RidgeCV,SGDRegressor,SGDRegressorCV,SVR,SVRCV,TheilSenRegressor,TheilSenRegressorCV,TweedieRegressor,TweedieRegressorCV,VotingRegressor,VotingRegressorCV