################################################################################
# Dr. Walter F. de Azevedo, Jr.                                                #
# https://azevedolab.net/                                                      #
# September 15, 2023                                                           #
################################################################################
#
#
# Define parameters for statistical analysis
# Define string header with experimental data
exp_string,pKi
# Define features
n_features_in,72
features_in,Ligand Occupation Factor,Torsions,Q,Average Q,Ligand B-factor(A2),Receptor B-factor(A2),B-factor ratio (Ligand/Receptor),C,N,O,S,Affinity(kcal/mol),Gauss 1,Gauss 2,Repulsion,Hydrophobic,Hydrogen,Torsional,AdaBoostRegressor,AdaBoostRegressorCV,ARDRegression,ARDRegressionCV,BaggingRegressor,BaggingRegressorCV,BayesianRidge,BayesianRidgeCV,DecisionTreeRegressor,DecisionTreeRegressorCV,ElasticNet,ElasticNetCV,ExtraTreeRegressor,ExtraTreeRegressorCV,ExtraTreesRegressor,ExtraTreesRegressorCV,GaussianProcessRegressor,GaussianProcessRegressorCV,GradientBoostingRegressor,GradientBoostingRegressorCV,HuberRegressor,HuberRegressorCV,KernelRidge,KernelRidgeCV,KNeighborsRegressor,KNeighborsRegressorCV,Lasso,LassoCV,LinearRegression,LinearRegressionCV,LinearSVR,LinearSVRCV,MLPRegressor,MLPRegressorCV,NuSVR,NuSVRCV,PassiveAggressiveRegressor,PassiveAggressiveRegressorCV,RandomForestRegressor,RandomForestRegressorCV,RANSACRegressor,RANSACRegressorCV,Ridge,RidgeCV,SGDRegressor,SGDRegressorCV,SVR,SVRCV,TheilSenRegressor,TheilSenRegressorCV,TweedieRegressor,TweedieRegressorCV,VotingRegressor,VotingRegressorCV